ID,Type,Step,Topic,Question / decision needed,Options considered,Recommendation,Final decision,Status,Decided by,Date raised,Date decided,ADR,Validation still needed,Details
Q-01,Question,1,Positioning,Are we a 'cheaper Odoo' or something else?,Cheaper generic ERP | Industry-ready ERP live in weeks | Implementation-services company,Industry depth + fast go-live; implementation fees fund development,Industry-ready ERP that goes live in weeks; services fund early development,Agreed,Founder,2026-10-03,2026-10-03,ADR-0009,,docs/tracking/OPEN-QUESTIONS.md#q-01
Q-02,Question,1,First vertical,First vertical? Is pharma near-term?,Printing first | Pharma first | Generic,Printing & Packaging first; pharma as design test only,Printing & Packaging first; pharma design test only; second vertical adjacent,Agreed,Founder,2026-10-03,2026-10-03,ADR-0009,,docs/tracking/OPEN-QUESTIONS.md#q-02
Q-03,Question,1,Accounting,Native Finance/GL in MVP or Tally integration?,Full native finance | GST invoicing + Tally export | No invoicing,GST-correct invoicing + Tally export; native GL later,GST invoicing + Tally export first; native GL later,Agreed,Founder,2026-10-03,2026-10-03,ADR-0010,,docs/tracking/OPEN-QUESTIONS.md#q-03
Q-04,Question,1,Configuration ownership,Who configures customers in year 1?,Customer self-service builders | Founder via configuration files,Founder via version-controlled packages; admin UIs only for frequent settings,Founder configures via packages; limited admin screens,Agreed,Founder,2026-10-03,2026-10-03,ADR-0011,,docs/tracking/OPEN-QUESTIONS.md#q-04
Q-05,Question,1,Market,Target country for first 2 years?,India only | Multi-country,India first; English UI translatable; multi-currency in model,India first,Agreed,Founder,2026-10-03,2026-10-03,ADR-0009,,docs/tracking/OPEN-QUESTIONS.md#q-05
Q-06,Question,2,Organization,Is Tenant = Organization (1:1)?,Separate objects | Same,"Yes, 1:1",Tenant = Organization,Agreed,Founder,2026-10-03,2026-10-03,ADR-0004,,docs/tracking/OPEN-QUESTIONS.md#q-06
Q-07,Question,2,Master data,One Party master with customer/vendor roles?,Separate masters | One Party with roles,One Party with roles,One Party with roles,Agreed,Founder,2026-10-03,2026-10-03,ADR-0013,,docs/tracking/OPEN-QUESTIONS.md#q-07
Q-08,Question,2,Organization,Multi-company in MVP?,Single company | Multi-company model,Multi-company in data model; single-company UI first,Multi-company model; single-company UI first,Agreed,Founder,2026-10-03,2026-10-03,ADR-0004,,docs/tracking/OPEN-QUESTIONS.md#q-08
Q-09,Question,2,Process anchor,Is 'Job' the right anchor for printing?,Job | Sales order | Production order,Job as anchor for make-to-order,Job is the anchor,Agreed - validate with pilot,Founder,2026-10-03,2026-10-03,ADR-0006,"Interview guide A3, C2",docs/tracking/OPEN-QUESTIONS.md#q-09
Q-10,Question,2,Validation,Access to a real printing company?,Yes | Find one,Find at least one before Step 4,Agreed to find one,Agreed - ACTION OPEN,Founder,2026-10-03,2026-10-03,,Visit 1-2 printers with the Pilot Interview Guide,docs/tracking/OPEN-QUESTIONS.md#q-10
Q-11,Question,Roadmap,Roadmap,Vertical slices instead of 20 horizontal phases?,Horizontal phases | Vertical slices,Vertical slices driven by pilot's biggest pain,"Vertical slices: Foundation, Buy & store, Estimate & make, Ship & bill, Control",Agreed,Founder,2026-10-03,2026-10-03,ADR-0012,,docs/tracking/OPEN-QUESTIONS.md#q-11
Q-12,Question,3,Modules,Estimation inside Sales or own module?,Inside Sales | Separate module,Inside Sales; calculator from Printing package,Inside Sales,Agreed,Founder,2026-10-03,2026-10-03,ADR-0014,,docs/tracking/OPEN-QUESTIONS.md#q-12
Q-13,Question,3,Job work,Job work (outsourced operations) in MVP?,Yes | Later,"Yes, in slice 2","Yes, in MVP",Agreed - validate with pilot,Founder,2026-10-03,2026-10-03,ADR-0014,Interview guide C5 (frequency),docs/tracking/OPEN-QUESTIONS.md#q-13
Q-14,Question,3,Accounting,Where are receipts/payments entered while Tally holds the books?,"In ERP, export to Tally | In Tally, import | Not tracked","In ERP, export to Tally; fallback import","In ERP, export to Tally (fallback: import from Tally)",Agreed,Founder,2026-10-03,2026-10-03,ADR-0010,Confirm with pilot accountant (E4),docs/tracking/OPEN-QUESTIONS.md#q-14
Q-15,Question,3,Editions,Sell only one edition in year 1?,One edition | A-la-carte,One edition 'Printing Essentials',One edition in year 1; entitlements built from day one,Agreed,Founder,2026-10-03,2026-10-03,ADR-0017,,docs/tracking/OPEN-QUESTIONS.md#q-15
Q-16,Question,4,Stock ownership,Support customer-supplied material (conversion jobs)?,Not supported | Ownership dimension | Outside ERP,Design ownership dimension now; switch on when needed,Ownership dimension designed in; enabled for first pilot needing it,Agreed,Founder,2026-10-03,2026-10-03,,Interview guide A8,docs/tracking/OPEN-QUESTIONS.md#q-16
Q-17,Question,4,Valuation,Stock valuation method?,Moving weighted average | FIFO | Standard cost,Moving weighted average; FG at actual job cost,Moving weighted average; FG at job cost; scrap at realisable rate,Agreed,Founder,2026-10-03,2026-10-03,ADR-0021,,docs/tracking/OPEN-QUESTIONS.md#q-17
Q-18,Question,4,Tally export,What do we export to Tally?,Ledger-level vouchers | Item-level incl. stock,Ledger-level financial vouchers only; locks; books-locked date,Ledger-level vouchers only,Agreed - confirm with pilot accountant,Founder,2026-10-03,2026-10-03,ADR-0022,Interview guide E2-E3,docs/tracking/OPEN-QUESTIONS.md#q-18
Q-19,Question,4,WIP,WIP as quantities per job operation?,Semi-finished stock items | Per job operation,Per job operation; gang runs out of MVP,Per job operation,Agreed,Founder,2026-10-03,2026-10-03,ADR-0019,"Interview guide C4, C6",docs/tracking/OPEN-QUESTIONS.md#q-19
Q-20,Question,4,Gate entry,Gate entry in MVP?,Mandatory | Optional | None,"Optional capability, off by default","Optional, off by default",Agreed,Founder,2026-10-03,2026-10-03,,,docs/tracking/OPEN-QUESTIONS.md#q-20
Q-21,Question,4,Segment,Target pharma-packaging printers first?,Yes | General printers,Yes if the pilot fits; adds artwork control + COA,Yes if pilot fits,Agreed,Founder,2026-10-03,2026-10-03,,Depends on pilot company,docs/tracking/OPEN-QUESTIONS.md#q-21
Q-22,Question,5,Configuration,"Configuration layers, two stores and package format?",All in DB | All in Git | Layered Git packages + audited runtime settings,Layered override/extend/lock; YAML + JSON Schema packages (SemVer) + audited runtime settings,"Layered configuration (override/extend/lock); Git packages (YAML + JSON Schema, SemVer manifest, migrations, tests) + audited runtime settings",Agreed,Founder,2026-10-03,2026-10-03,"ADR-0024, ADR-0025",,docs/tracking/OPEN-QUESTIONS.md#q-22
Q-23,Question,5,Custom fields,How are custom field values stored?,Per-tenant columns | EAV | JSON extension data | Generic columns,Metadata-validated JSON extension data,"Metadata-validated JSON extension data; no EAV, no per-tenant schema changes; promote universal fields later",Agreed,Founder,2026-10-03,2026-10-03,ADR-0026,,docs/tracking/OPEN-QUESTIONS.md#q-23
Q-24,Question,5,UI,Generated or hand-crafted screens?,Hand-coded | Generated | Hybrid,Hybrid + configurable terminology,Hybrid UI (crafted critical screens with metadata slots + generated screens) and configurable terminology,Agreed,Founder,2026-10-03,2026-10-03,ADR-0027,,docs/tracking/OPEN-QUESTIONS.md#q-24
Q-25,Question,5,Rules,How are business rules written?,Hard-coded | JSON logic | CEL | Decision tables | Scripting | Visual builder,CEL + decision tables; no scripting in MVP,CEL conditions + decision tables; extension code for complex logic; no scripting in MVP,Agreed,Founder,2026-10-03,2026-10-03,ADR-0028,,docs/tracking/OPEN-QUESTIONS.md#q-25
Q-26,Question,5,Numbering,How are document numbers generated?,Number at creation | Number at posting; gapless for statutory,Series per type/company/site/FY; statutory gapless at posting,Series per document type/company/site/FY; statutory numbers gapless and assigned at posting; continue from legacy numbers,Agreed,Founder,2026-10-03,2026-10-03,ADR-0029,,docs/tracking/OPEN-QUESTIONS.md#q-26
Q-27,Question,5,Upgrades,How are package upgrades done?,Overwrite | Pinned + staging + three-way merge,Pinned versions; staging dry-run; three-way merge; rollback,Pinned package versions; staging dry-run; three-way merge (locks win); migrations; tests; rollback,Agreed,Founder,2026-10-03,2026-10-03,ADR-0030,,docs/tracking/OPEN-QUESTIONS.md#q-27
Q-28,Question,5,Go-live data,What data is migrated at go-live?,Full history | Opening balances + open items,Masters + opening stock + open orders + unpaid invoices; no history,"Go live with masters, opening stock (physical count), open orders/POs and unpaid invoices; no closed history",Agreed,Founder,2026-10-03,2026-10-03,ADR-0031,,docs/tracking/OPEN-QUESTIONS.md#q-28
ADR-0001,Decision (no separate question),Process,Documentation,How do we keep project knowledge?,Chat only | Wiki | Markdown + Mermaid in repo,Markdown + Mermaid in repo with ADRs,Markdown + Mermaid in repo,Accepted,Founder,2026-10-03,2026-10-03,ADR-0001,,docs/adr/ADR-0001-DOCUMENTATION-FIRST.md
ADR-0002,Decision (no separate question),1,Product model,How is the product layered?,Brief's 5 parts | 7 layers | Plugin-everything,7 layers + integration axis; packages = config + code extensions,7 layers accepted,Accepted,Founder,2026-10-03,2026-10-03,ADR-0002,,docs/adr/ADR-0002-LAYERED-PRODUCT-MODEL.md
ADR-0003,Decision (no separate question),Brief,Architecture style,"Monolith, modular monolith or microservices?",Microservices | Monolith | Modular monolith,Modular monolith,Modular monolith (revalidate in Step 9),Accepted in principle,Founder,2026-10-03,2026-10-03,ADR-0003,,docs/adr/ADR-0003-MODULAR-MONOLITH-DIRECTION.md
ADR-0004,Decision (no separate question),2,Organization,How is the organization modelled?,Fixed hierarchy | Generic tree | Separate typed structures + grouping | Graph,Separate typed structures + configurable grouping tree,"Accepted (incl. Q-06, Q-08)",Accepted,Founder,2026-10-03,2026-10-03,ADR-0004,,docs/adr/ADR-0004-ORGANIZATION-MODEL.md
ADR-0005,Decision (no separate question),2,Statuses,How can customers customise statuses and workflows?,Fully configurable | Fixed | Two-level,Fixed core lifecycle + configurable sub-status/approvals,Two-level model,Accepted,Founder,2026-10-03,2026-10-03,ADR-0005,,docs/adr/ADR-0005-LIFECYCLE-VS-WORKFLOW.md
ADR-0006,Decision (no separate question),2,Process objects,How are business processes modelled?,BPM instance | Document flow | Hybrid,Document flow + process definitions + anchors,Document flow + anchors,Accepted,Founder,2026-10-03,2026-10-03,ADR-0006,,docs/adr/ADR-0006-PROCESS-AS-DOCUMENT-FLOW.md
ADR-0007,Decision (no separate question),2,Immutability,Can posted documents be edited?,Editable with audit | Immutable + corrections,Immutable; cancel/reverse/amend/correct,Immutable,Accepted,Founder,2026-10-03,2026-10-03,ADR-0007,,docs/adr/ADR-0007-IMMUTABLE-POSTED-DOCUMENTS.md
ADR-0008,Decision (no separate question),2,Snapshot,Reference or copy master data on documents?,Reference only | Copy all | Reference + snapshot,"Reference identities, snapshot contractual data",Reference + snapshot,Accepted,Founder,2026-10-03,2026-10-03,ADR-0008,,docs/adr/ADR-0008-REFERENCE-VS-SNAPSHOT.md
ADR-0014,Decision (no separate question),3,Module ownership,How are module boundaries drawn?,By department | By process | By ownership,By ownership; Inventory sole stock writer; invoices in Sales/Purchase,By ownership,Accepted,Founder,2026-10-03,2026-10-03,ADR-0014,,docs/adr/ADR-0014-MODULE-OWNERSHIP.md
ADR-0015,Decision (no separate question),3,Module communication,How do modules talk?,Shared tables | Contracts with 4 patterns,Query/command/in-transaction event/after-commit event; no cross-module table access,Contracts only,Accepted,Founder,2026-10-03,2026-10-03,ADR-0015,,docs/adr/ADR-0015-INTER-MODULE-COMMUNICATION.md
ADR-0016,Decision (no separate question),3,Dependencies,How are dependencies and activation handled?,Implicit | Typed dependencies + manifests,Hard/optional/commercial; without-modes; manifests,Accepted,Accepted,Founder,2026-10-03,2026-10-03,ADR-0016,,docs/adr/ADR-0016-DEPENDENCY-TYPES-AND-MANIFESTS.md
ADR-0018,Decision (no separate question),4,Product spec,How are repeat products handled?,Spec per order | Customer product specification,Customer product spec reused across orders,Accepted,Accepted,Founder,2026-10-03,2026-10-03,ADR-0018,,docs/adr/ADR-0018-CUSTOMER-PRODUCT-SPECIFICATION.md
ADR-0020,Decision (no separate question),4,Tolerance,How are over/under deliveries handled?,Exact quantities | Tolerance + short-close,Tolerance and short-close in core lifecycle,Accepted,Accepted,Founder,2026-10-03,2026-10-03,ADR-0020,,docs/adr/ADR-0020-TOLERANCE-AND-SHORT-CLOSE.md
ADR-0023,Decision (no separate question),Cross-cutting,Standards,Do we follow industry standards?,Own conventions | Standards-first,Follow recognised standards; register in STANDARDS.md,Standards-first (founder instruction),Accepted,Founder,2026-10-03,2026-10-03,ADR-0023,,docs/adr/ADR-0023-STANDARDS-FIRST.md
Q-29,Question,6,Authentication,"How do users log in, and who must use MFA?","Hand-written login | Hosted identity service | Self-hosted identity server | Proven library, OIDC-compatible",Proven library with OIDC-compatible design; NIST 800-63B passwords; MFA (authenticator app) mandatory for owner/admin/accountant/approvers; Google/Microsoft login; passkeys later; step-up re-auth for sensitive actions,"Proven auth library, OIDC-compatible; NIST 800-63B passwords; authenticator-app MFA mandatory for owner/admin/accountant/approvers; Google/Microsoft login; passkeys later; step-up re-auth",Agreed,Founder,2026-10-03,2026-10-04,ADR-0032,,docs/tracking/OPEN-QUESTIONS.md#q-29
Q-30,Question,6,Shop-floor login,How do operators without email log in on shared tablets?,Full login + MFA | Shared account | Registered device + personal PIN,"Registered device + personal 6-digit PIN, operator permissions only, auto-logout, lockout; disabled in pharma (GMP) mode",Registered device + personal PIN for shop-floor roles only; auto-logout; lockout; disabled in GMP mode,Agreed,Founder,2026-10-03,2026-10-04,ADR-0032,,docs/tracking/OPEN-QUESTIONS.md#q-30
Q-31,Question,6,Authorization model,How is access decided?,Pure RBAC | Scoped RBAC + conditions | Policy engine | Relationship-based,Scoped RBAC + CEL record conditions + field security; eight checks in one central deny-by-default service; server-side enforcement,Scoped RBAC + CEL record conditions + field security; eight checks in one central deny-by-default service; server-side,Agreed,Founder,2026-10-03,2026-10-04,ADR-0033,,docs/tracking/OPEN-QUESTIONS.md#q-31
Q-32,Question,6,Segregation of duties,Block or warn on conflicting duties?,Always block | Never check | Per-rule mode,Per-rule mode (block / warn+log / allow); SME default warn+log with SoD report; bank-detail change + payment and own stock adjustment approval locked to block,SoD rules with block / warn+log / allow; SME default warn+log with report; bank-change+payment and own stock-adjustment approval always block,Agreed,Founder,2026-10-03,2026-10-04,ADR-0034,,docs/tracking/OPEN-QUESTIONS.md#q-32
Q-33,Question,6,Tenant isolation,How do we guarantee tenants never see each other's data?,App filters only | App filters + database RLS + tests | Database per tenant,Tenant context everywhere + PostgreSQL Row-Level Security + tenant-keyed files/caches/jobs + cross-tenant test suite; single-tenant restore; path to dedicated DB,Tenant context + PostgreSQL Row-Level Security + tenant-keyed files/caches/jobs + cross-tenant tests; single-tenant restore; path to dedicated DB,Agreed,Founder,2026-10-03,2026-10-04,ADR-0035,,docs/tracking/OPEN-QUESTIONS.md#q-33
Q-34,Question,6,Audit and logs,What is audited and how long is it kept?,Basic change log | Statutory audit trail + security log,"Business audit trail: cannot be disabled, append-only, hash-chained, ≥ 8 years. Security log: ≥ 180 days in India (recommend 1 year)","Business audit trail (cannot be disabled, append-only, hash-chained, >= 8 years) + security log (>= 180 days in India)",Agreed,Founder,2026-10-03,2026-10-04,ADR-0036,,docs/tracking/OPEN-QUESTIONS.md#q-34
Q-35,Question,6,Privacy and hosting,How do we handle personal data and where is data hosted?,"Any region, ad hoc | DPDP-aligned design, India hosting","Customer = Data Fiduciary, us = Processor (DPA + sub-processor list); four data classes; no Aadhaar/biometrics; India-region hosting and backups; field-level encryption; secret manager","Customer = Data Fiduciary, us = Processor (DPA, sub-processor list); 4 data classes; no Aadhaar/biometrics; India hosting; field-level encryption; secret manager",Agreed,Founder,2026-10-03,2026-10-04,ADR-0037,,docs/tracking/OPEN-QUESTIONS.md#q-35
Q-36,Question,6,Support access,Can we (the platform operator) see customer data?,"Standing admin access | No access ever | Approved, time-boxed access","No standing access; tenant-approved, time-boxed, audited support sessions; break-glass only for platform incidents, reported afterwards","No standing operator access; tenant-approved, time-boxed, audited support sessions; break-glass only for platform incidents",Agreed,Founder,2026-10-03,2026-10-04,ADR-0039,,docs/tracking/OPEN-QUESTIONS.md#q-36
Q-37,Question,6,Security baseline and recovery,Which security standard and recovery targets?,ASVS L1 | ASVS L2 | ASVS L3; various RPO/RTO,OWASP ASVS Level 2; 3-2-1 backups with PITR; RPO ≤ 15 min; RTO ≤ 4 h; monthly restore drills; incident runbook with CERT-In 6-hour reporting; pentest before/soon after first paying customer,"OWASP ASVS L2; 3-2-1 backups with PITR; RPO <= 15 min, RTO <= 4 h; monthly restore drills; CERT-In 6 h; pentest around first paying customer",Agreed,Founder,2026-10-03,2026-10-04,ADR-0038,,docs/tracking/OPEN-QUESTIONS.md#q-37
Q-38,Question,7,Event model,What do events look like and how are they named?,Ad-hoc payloads | Domain + integration events with CloudEvents envelope,"Domain events (internal) + versioned integration events (public); <module>.<object>.<past-tense> naming; CloudEvents envelope with tenant, trace and causation ids; key-fact payloads",,Open,,2026-10-04,,ADR-0040,,docs/tracking/OPEN-QUESTIONS.md#q-38
Q-39,Question,7,Reliable delivery,"How are events delivered reliably, and do we need a message broker?",Postgres outbox + queue | Redis | RabbitMQ | Kafka | Cloud queues,Transactional outbox + PostgreSQL job queue; at-least-once with idempotent consumers; retries + dead-letter; Idempotency-Key on APIs; no broker until graduation triggers,,Open,,2026-10-04,,ADR-0041,,docs/tracking/OPEN-QUESTIONS.md#q-39
Q-40,Question,7,Event sourcing,Should we use event sourcing?,Everywhere | Selectively | Not at all (ledgers + audit instead),No event sourcing; state-based persistence + append-only ledgers + hash-chained audit + outbox,,Open,,2026-10-04,,ADR-0042,,docs/tracking/OPEN-QUESTIONS.md#q-40
Q-41,Question,7,Automation rules,How do configurable automations work safely?,Free scripting | Trigger + CEL condition + fixed action catalogue,Trigger (event/schedule) + CEL condition + fixed action catalogue; system user; loop protection (depth 3); essential vs optional; dry-run,,Open,,2026-10-04,,ADR-0043,,docs/tracking/OPEN-QUESTIONS.md#q-41
Q-42,Question,7,Approval engine,Build our own approval engine or embed a BPM engine?,Embed BPMN engine | Temporal | Cloud step functions | Own small engine,"Own small approval engine with BPMN-aligned concepts; versioned definitions on transitions; resolvers, modes, SLA, escalation; fallback approver; re-approval on material change; deep-link approvals",,Open,,2026-10-04,,ADR-0044,,docs/tracking/OPEN-QUESTIONS.md#q-42
Q-43,Question,7,Notifications,How do notifications work and which channels come first?,"All channels day one | In-app + email first, paid channels later","Pipeline with rules, recipients, preferences, templates, delivery log; MVP in-app + email (SPF/DKIM/DMARC); WhatsApp (Meta templates, opt-in, cost caps) and SMS (TRAI DLT) later as add-ons",,Open,,2026-10-04,,ADR-0045,,docs/tracking/OPEN-QUESTIONS.md#q-43
Q-44,Question,7,Integrations,"How are external calls (GST portal, Tally, webhooks) handled?",Direct calls in the request | Integration jobs with states and retries,"Integration jobs (visible states, retries, circuit breaker, manual resolution); Standard Webhooks out; verify-store-dedupe-async for inbound",,Open,,2026-10-04,,ADR-0046,,docs/tracking/OPEN-QUESTIONS.md#q-44
